prompt_idx,step,timestep,FAI
0,0,981,18.05971908569336
0,1,961,18.212451934814453
0,2,961,18.581436157226562
0,3,941,17.743976593017578
0,4,921,16.829639434814453
0,5,901,17.05712890625
0,6,881,17.17890167236328
0,7,861,17.379207611083984
0,8,841,17.63039779663086
0,9,821,17.91543197631836
0,10,801,18.174747467041016
0,11,781,18.505535125732422
0,12,761,18.78213882446289
0,13,741,18.729656219482422
0,14,721,18.660884857177734
0,15,701,17.998146057128906
0,16,681,17.412200927734375
0,17,661,17.087493896484375
0,18,641,16.905776977539062
0,19,621,16.805500030517578
0,20,601,16.757722854614258
0,21,581,16.816173553466797
0,22,561,16.93983268737793
0,23,541,17.017148971557617
0,24,521,17.078460693359375
0,25,501,17.14112091064453
0,26,481,17.14553451538086
0,27,461,17.047096252441406
0,28,441,16.838857650756836
0,29,421,16.62264633178711
0,30,401,16.485294342041016
0,31,381,16.408920288085938
0,32,361,16.320560455322266
0,33,341,16.219165802001953
0,34,321,16.10921859741211
0,35,301,15.992215156555176
0,36,281,15.865484237670898
0,37,261,15.731679916381836
0,38,241,15.589865684509277
0,39,221,15.438714027404785
0,40,201,15.280674934387207
0,41,181,15.113960266113281
0,42,161,14.935604095458984
0,43,141,14.755001068115234
0,44,121,14.569883346557617
0,45,101,14.384357452392578
0,46,81,14.198577880859375
0,47,61,13.98324203491211
0,48,41,13.72471809387207
0,49,21,13.358715057373047
0,50,1,12.46891975402832
1,0,981,19.455028533935547
1,1,961,19.774333953857422
1,2,961,19.818761825561523
1,3,941,19.519187927246094
1,4,921,18.544527053833008
1,5,901,18.627016067504883
1,6,881,18.702808380126953
1,7,861,18.876039505004883
1,8,841,18.876279830932617
1,9,821,18.706356048583984
1,10,801,18.499074935913086
1,11,781,18.039466857910156
1,12,761,17.845739364624023
1,13,741,17.980602264404297
1,14,721,18.033897399902344
1,15,701,17.996274948120117
1,16,681,17.907989501953125
1,17,661,17.82073974609375
1,18,641,17.722688674926758
1,19,621,17.630470275878906
1,20,601,17.50348663330078
1,21,581,17.366836547851562
1,22,561,17.21758270263672
1,23,541,17.062252044677734
1,24,521,16.902618408203125
1,25,501,16.74193572998047
1,26,481,16.574291229248047
1,27,461,16.412220001220703
1,28,441,16.268333435058594
1,29,421,16.146833419799805
1,30,401,16.02873420715332
1,31,381,15.923152923583984
1,32,361,15.817112922668457
1,33,341,15.714832305908203
1,34,321,15.612082481384277
1,35,301,15.51342487335205
1,36,281,15.40671157836914
1,37,261,15.29527473449707
1,38,241,15.170537948608398
1,39,221,15.028261184692383
1,40,201,14.87289047241211
1,41,181,14.716747283935547
1,42,161,14.560678482055664
1,43,141,14.414861679077148
1,44,121,14.276117324829102
1,45,101,14.12619400024414
1,46,81,13.946176528930664
1,47,61,13.712467193603516
1,48,41,13.361776351928711
1,49,21,12.829427719116211
1,50,1,12.082069396972656
2,0,981,17.873985290527344
2,1,961,17.916852951049805
2,2,961,18.131004333496094
2,3,941,14.467628479003906
2,4,921,14.326231002807617
2,5,901,14.384952545166016
2,6,881,14.514894485473633
2,7,861,14.65585708618164
2,8,841,14.781375885009766
2,9,821,14.921707153320312
2,10,801,15.051937103271484
2,11,781,15.156083106994629
2,12,761,15.208883285522461
2,13,741,15.202838897705078
2,14,721,15.15443229675293
2,15,701,15.098517417907715
2,16,681,15.014145851135254
2,17,661,14.901169776916504
2,18,641,14.793451309204102
2,19,621,14.724157333374023
2,20,601,14.662023544311523
2,21,581,14.619333267211914
2,22,561,14.604562759399414
2,23,541,14.622082710266113
2,24,521,14.65860652923584
2,25,501,14.70363998413086
2,26,481,14.7393798828125
2,27,461,14.756131172180176
2,28,441,14.756264686584473
2,29,421,14.739776611328125
2,30,401,14.71097183227539
2,31,381,14.676080703735352
2,32,361,14.635307312011719
2,33,341,14.585550308227539
2,34,321,14.534584999084473
2,35,301,14.485020637512207
2,36,281,14.435314178466797
2,37,261,14.388676643371582
2,38,241,14.347587585449219
2,39,221,14.312065124511719
2,40,201,14.283685684204102
2,41,181,14.257914543151855
2,42,161,14.231684684753418
2,43,141,14.199827194213867
2,44,121,14.157930374145508
2,45,101,14.09799575805664
2,46,81,14.024904251098633
2,47,61,13.928215026855469
2,48,41,13.804408073425293
2,49,21,13.61456298828125
2,50,1,13.194626808166504
3,0,981,18.958730697631836
3,1,961,18.729656219482422
3,2,961,17.054141998291016
3,3,941,16.51568603515625
3,4,921,16.276870727539062
3,5,901,14.703173637390137
3,6,881,13.973358154296875
3,7,861,13.514228820800781
3,8,841,13.217558860778809
3,9,821,13.030769348144531
3,10,801,12.880146026611328
3,11,781,12.735421180725098
3,12,761,12.598783493041992
3,13,741,12.586231231689453
3,14,721,12.78410530090332
3,15,701,13.08939266204834
3,16,681,13.06555461883545
3,17,661,12.796782493591309
3,18,641,12.501777648925781
3,19,621,12.256010055541992
3,20,601,12.076813697814941
3,21,581,11.961872100830078
3,22,561,11.896991729736328
3,23,541,11.857805252075195
3,24,521,11.829671859741211
3,25,501,11.81276798248291
3,26,481,11.8008451461792
3,27,461,11.793052673339844
3,28,441,11.796076774597168
3,29,421,11.80634880065918
3,30,401,11.813704490661621
3,31,381,11.825164794921875
3,32,361,11.828592300415039
3,33,341,11.818897247314453
3,34,321,11.797115325927734
3,35,301,11.76065444946289
3,36,281,11.7087984085083
3,37,261,11.642975807189941
3,38,241,11.57123851776123
3,39,221,11.500431060791016
3,40,201,11.43227767944336
3,41,181,11.359356880187988
3,42,161,11.28145980834961
3,43,141,11.187567710876465
3,44,121,11.082195281982422
3,45,101,10.961438179016113
3,46,81,10.821435928344727
3,47,61,10.65700626373291
3,48,41,10.46194076538086
3,49,21,10.200484275817871
3,50,1,9.587018013000488
4,0,981,19.153728485107422
4,1,961,19.129039764404297
4,2,961,18.842363357543945
4,3,941,19.15690803527832
4,4,921,19.428852081298828
4,5,901,19.45398712158203
4,6,881,19.5159912109375
4,7,861,19.577604293823242
4,8,841,19.356117248535156
4,9,821,18.684795379638672
4,10,801,17.758434295654297
4,11,781,16.855079650878906
4,12,761,16.273181915283203
4,13,741,15.818187713623047
4,14,721,15.774858474731445
4,15,701,15.677555084228516
4,16,681,15.532581329345703
4,17,661,15.457944869995117
4,18,641,15.48604679107666
4,19,621,15.644758224487305
4,20,601,15.77142333984375
4,21,581,15.877052307128906
4,22,561,15.908955574035645
4,23,541,15.847793579101562
4,24,521,15.739315032958984
4,25,501,15.612700462341309
4,26,481,15.478499412536621
4,27,461,15.351739883422852
4,28,441,15.219292640686035
4,29,421,15.079610824584961
4,30,401,14.930885314941406
4,31,381,14.77629280090332
4,32,361,14.62018871307373
4,33,341,14.450530052185059
4,34,321,14.285594940185547
4,35,301,14.113138198852539
4,36,281,13.925980567932129
4,37,261,13.734888076782227
4,38,241,13.556509017944336
4,39,221,13.39908218383789
4,40,201,13.260276794433594
4,41,181,13.12784481048584
4,42,161,13.00340461730957
4,43,141,12.874774932861328
4,44,121,12.74411392211914
4,45,101,12.604520797729492
4,46,81,12.452276229858398
4,47,61,12.274178504943848
4,48,41,12.070520401000977
4,49,21,11.826932907104492
4,50,1,11.323493957519531
5,0,981,16.00673484802246
5,1,961,15.973051071166992
5,2,961,16.770702362060547
5,3,941,16.52257537841797
5,4,921,15.678243637084961
5,5,901,15.071800231933594
5,6,881,14.610647201538086
5,7,861,14.350415229797363
5,8,841,14.22608757019043
5,9,821,14.214753150939941
5,10,801,14.252927780151367
5,11,781,14.316633224487305
5,12,761,14.401785850524902
5,13,741,14.44417953491211
5,14,721,14.477951049804688
5,15,701,14.489716529846191
5,16,681,14.480350494384766
5,17,661,14.405111312866211
5,18,641,14.295690536499023
5,19,621,14.241127967834473
5,20,601,14.180660247802734
5,21,581,14.127880096435547
5,22,561,14.071674346923828
5,23,541,14.012648582458496
5,24,521,13.943665504455566
5,25,501,13.884690284729004
5,26,481,13.816490173339844
5,27,461,13.740081787109375
5,28,441,13.660798072814941
5,29,421,13.58601188659668
5,30,401,13.49767017364502
5,31,381,13.412694931030273
5,32,361,13.320435523986816
5,33,341,13.218729019165039
5,34,321,13.106504440307617
5,35,301,12.9823579788208
5,36,281,12.849004745483398
5,37,261,12.711854934692383
5,38,241,12.56906795501709
5,39,221,12.42910099029541
5,40,201,12.297985076904297
5,41,181,12.172914505004883
5,42,161,12.05396842956543
5,43,141,11.943672180175781
5,44,121,11.840328216552734
5,45,101,11.73297119140625
5,46,81,11.617606163024902
5,47,61,11.492488861083984
5,48,41,11.362457275390625
5,49,21,11.235919952392578
5,50,1,11.052176475524902
6,0,981,18.642398834228516
6,1,961,18.95345687866211
6,2,961,19.41524887084961
6,3,941,19.374420166015625
6,4,921,18.798255920410156
6,5,901,18.714170455932617
6,6,881,18.57684326171875
6,7,861,18.40201187133789
6,8,841,18.086647033691406
6,9,821,17.631017684936523
6,10,801,17.098867416381836
6,11,781,16.549522399902344
6,12,761,15.960205078125
6,13,741,15.330257415771484
6,14,721,14.562334060668945
6,15,701,13.590373039245605
6,16,681,12.673213958740234
6,17,661,12.111181259155273
6,18,641,11.875433921813965
6,19,621,11.816228866577148
6,20,601,11.635011672973633
6,21,581,11.596956253051758
6,22,561,11.559799194335938
6,23,541,11.531844139099121
6,24,521,11.500521659851074
6,25,501,11.465850830078125
6,26,481,11.430322647094727
6,27,461,11.406595230102539
6,28,441,11.409396171569824
6,29,421,11.441251754760742
6,30,401,11.482158660888672
6,31,381,11.506324768066406
6,32,361,11.472434043884277
6,33,341,11.395811080932617
6,34,321,11.308645248413086
6,35,301,11.224298477172852
6,36,281,11.130952835083008
6,37,261,11.03585433959961
6,38,241,10.956377029418945
6,39,221,10.901384353637695
6,40,201,10.855446815490723
6,41,181,10.80300521850586
6,42,161,10.745681762695312
6,43,141,10.679391860961914
6,44,121,10.610991477966309
6,45,101,10.539835929870605
6,46,81,10.473359107971191
6,47,61,10.409435272216797
6,48,41,10.328877449035645
6,49,21,10.186524391174316
6,50,1,9.814703941345215
7,0,981,16.70476531982422
7,1,961,16.804630279541016
7,2,961,15.846811294555664
7,3,941,14.579278945922852
7,4,921,14.53110122680664
7,5,901,14.503122329711914
7,6,881,14.541158676147461
7,7,861,13.068531036376953
7,8,841,11.339475631713867
7,9,821,11.193443298339844
7,10,801,11.199281692504883
7,11,781,11.3150634765625
7,12,761,11.434595108032227
7,13,741,11.522208213806152
7,14,721,11.594500541687012
7,15,701,11.660832405090332
7,16,681,11.727352142333984
7,17,661,11.799667358398438
7,18,641,11.86921501159668
7,19,621,11.951786041259766
7,20,601,12.029935836791992
7,21,581,12.106809616088867
7,22,561,12.169408798217773
7,23,541,12.219962120056152
7,24,521,12.251907348632812
7,25,501,12.275540351867676
7,26,481,12.289036750793457
7,27,461,12.29052734375
7,28,441,12.27537727355957
7,29,421,12.2448148727417
7,30,401,12.196853637695312
7,31,381,12.128986358642578
7,32,361,12.04788875579834
7,33,341,11.951300621032715
7,34,321,11.847760200500488
7,35,301,11.739266395568848
7,36,281,11.630264282226562
7,37,261,11.519145965576172
7,38,241,11.408308982849121
7,39,221,11.293435096740723
7,40,201,11.17635440826416
7,41,181,11.060667037963867
7,42,161,10.945099830627441
7,43,141,10.829505920410156
7,44,121,10.716012001037598
7,45,101,10.597635269165039
7,46,81,10.468626022338867
7,47,61,10.31777572631836
7,48,41,10.13671588897705
7,49,21,9.89583969116211
7,50,1,9.366647720336914
8,0,981,20.38888168334961
8,1,961,20.367971420288086
8,2,961,20.79874038696289
8,3,941,18.941974639892578
8,4,921,18.866798400878906
8,5,901,18.8330135345459
8,6,881,18.705345153808594
8,7,861,18.54446029663086
8,8,841,18.35611343383789
8,9,821,18.194969177246094
8,10,801,18.03306007385254
8,11,781,17.863143920898438
8,12,761,17.687328338623047
8,13,741,17.519201278686523
8,14,721,17.34235191345215
8,15,701,17.15825653076172
8,16,681,17.051971435546875
8,17,661,17.047473907470703
8,18,641,17.053054809570312
8,19,621,17.035747528076172
8,20,601,16.88245391845703
8,21,581,16.641170501708984
8,22,561,16.207571029663086
8,23,541,15.655625343322754
8,24,521,15.138162612915039
8,25,501,14.725605010986328
8,26,481,14.424692153930664
8,27,461,14.252256393432617
8,28,441,14.112939834594727
8,29,421,14.008119583129883
8,30,401,13.965911865234375
8,31,381,13.909953117370605
8,32,361,13.82632064819336
8,33,341,13.742542266845703
8,34,321,13.658935546875
8,35,301,13.581377029418945
8,36,281,13.526671409606934
8,37,261,13.498128890991211
8,38,241,13.458847045898438
8,39,221,13.380002975463867
8,40,201,13.300921440124512
8,41,181,13.233556747436523
8,42,161,13.177950859069824
8,43,141,13.124000549316406
8,44,121,13.076642990112305
8,45,101,13.028802871704102
8,46,81,12.964798927307129
8,47,61,12.873510360717773
8,48,41,12.761942863464355
8,49,21,12.598278999328613
8,50,1,12.255341529846191
9,0,981,21.948699951171875
9,1,961,22.278060913085938
9,2,961,21.605754852294922
9,3,941,19.531097412109375
9,4,921,19.448143005371094
9,5,901,19.493759155273438
9,6,881,19.474468231201172
9,7,861,19.3458251953125
9,8,841,19.118587493896484
9,9,821,18.655824661254883
9,10,801,18.416301727294922
9,11,781,18.18084144592285
9,12,761,17.862586975097656
9,13,741,17.79301643371582
9,14,721,17.898582458496094
9,15,701,17.998523712158203
9,16,681,18.022750854492188
9,17,661,17.958309173583984
9,18,641,17.782934188842773
9,19,621,17.514310836791992
9,20,601,17.121057510375977
9,21,581,16.63326644897461
9,22,561,16.071483612060547
9,23,541,15.440027236938477
9,24,521,14.811296463012695
9,25,501,14.221393585205078
9,26,481,13.650482177734375
9,27,461,13.100689888000488
9,28,441,12.586915016174316
9,29,421,12.09870719909668
9,30,401,11.628456115722656
9,31,381,11.234111785888672
9,32,361,11.030732154846191
9,33,341,10.892141342163086
9,34,321,10.680939674377441
9,35,301,10.414251327514648
9,36,281,10.173044204711914
9,37,261,10.067183494567871
9,38,241,10.05392837524414
9,39,221,10.071677207946777
9,40,201,10.094420433044434
9,41,181,10.112480163574219
9,42,161,10.12270736694336
9,43,141,10.140824317932129
9,44,121,10.196634292602539
9,45,101,10.270679473876953
9,46,81,10.256778717041016
9,47,61,10.165458679199219
9,48,41,10.028646469116211
9,49,21,9.871940612792969
9,50,1,10.033208847045898
10,0,981,21.37638282775879
10,1,961,21.537405014038086
10,2,961,21.545310974121094
10,3,941,20.282371520996094
10,4,921,19.822952270507812
10,5,901,19.339336395263672
10,6,881,18.60079002380371
10,7,861,18.0548152923584
10,8,841,17.67876434326172
10,9,821,17.366592407226562
10,10,801,17.099056243896484
10,11,781,16.90086555480957
10,12,761,16.78310775756836
10,13,741,16.73502540588379
10,14,721,16.712345123291016
10,15,701,16.674152374267578
10,16,681,16.63338851928711
10,17,661,16.577924728393555
10,18,641,16.494121551513672
10,19,621,16.408077239990234
10,20,601,16.29285430908203
10,21,581,16.1893310546875
10,22,561,16.099498748779297
10,23,541,16.00545883178711
10,24,521,15.904807090759277
10,25,501,15.810688018798828
10,26,481,15.71908187866211
10,27,461,15.622522354125977
10,28,441,15.519365310668945
10,29,421,15.420795440673828
10,30,401,15.331357955932617
10,31,381,15.261290550231934
10,32,361,15.208196640014648
10,33,341,15.166031837463379
10,34,321,15.130934715270996
10,35,301,15.074833869934082
10,36,281,14.997358322143555
10,37,261,14.902432441711426
10,38,241,14.78675651550293
10,39,221,14.651627540588379
10,40,201,14.49199104309082
10,41,181,14.304784774780273
10,42,161,14.0890474319458
10,43,141,13.848638534545898
10,44,121,13.591312408447266
10,45,101,13.313870429992676
10,46,81,13.01655387878418
10,47,61,12.686932563781738
10,48,41,12.308817863464355
10,49,21,11.821680068969727
10,50,1,10.821480751037598
11,0,981,20.220081329345703
11,1,961,20.18688201904297
11,2,961,19.83539581298828
11,3,941,18.403600692749023
11,4,921,17.791793823242188
11,5,901,17.814868927001953
11,6,881,16.52871322631836
11,7,861,15.919605255126953
11,8,841,15.607500076293945
11,9,821,15.33575439453125
11,10,801,14.88082504272461
11,11,781,14.535917282104492
11,12,761,13.707703590393066
11,13,741,13.067359924316406
11,14,721,12.656806945800781
11,15,701,12.814042091369629
11,16,681,13.054213523864746
11,17,661,12.966398239135742
11,18,641,13.047847747802734
11,19,621,13.14924430847168
11,20,601,13.203655242919922
11,21,581,13.243404388427734
11,22,561,13.260560989379883
11,23,541,13.26066780090332
11,24,521,13.237534523010254
11,25,501,13.211355209350586
11,26,481,13.18422794342041
11,27,461,13.151078224182129
11,28,441,13.120094299316406
11,29,421,13.090082168579102
11,30,401,13.052372932434082
11,31,381,13.024494171142578
11,32,361,12.988964080810547
11,33,341,12.957045555114746
11,34,321,12.922135353088379
11,35,301,12.887418746948242
11,36,281,12.842856407165527
11,37,261,12.781024932861328
11,38,241,12.707290649414062
11,39,221,12.627595901489258
11,40,201,12.550040245056152
11,41,181,12.471126556396484
11,42,161,12.395376205444336
11,43,141,12.32919979095459
11,44,121,12.265268325805664
11,45,101,12.19466495513916
11,46,81,12.113422393798828
11,47,61,12.025053024291992
11,48,41,11.942255020141602
11,49,21,11.921693801879883
11,50,1,12.147308349609375
12,0,981,16.626771926879883
12,1,961,16.436744689941406
12,2,961,19.245460510253906
12,3,941,18.625364303588867
12,4,921,19.076608657836914
12,5,901,19.210350036621094
12,6,881,18.850263595581055
12,7,861,18.103199005126953
12,8,841,17.571884155273438
12,9,821,16.891613006591797
12,10,801,16.024681091308594
12,11,781,15.482463836669922
12,12,761,14.947148323059082
12,13,741,14.402800559997559
12,14,721,14.119184494018555
12,15,701,14.025951385498047
12,16,681,14.014400482177734
12,17,661,13.994185447692871
12,18,641,13.933160781860352
12,19,621,13.867122650146484
12,20,601,13.807275772094727
12,21,581,13.73514175415039
12,22,561,13.624164581298828
12,23,541,13.484721183776855
12,24,521,13.337417602539062
12,25,501,13.192741394042969
12,26,481,13.048283576965332
12,27,461,12.9173583984375
12,28,441,12.798566818237305
12,29,421,12.700399398803711
12,30,401,12.614580154418945
12,31,381,12.547197341918945
12,32,361,12.487279891967773
12,33,341,12.42916202545166
12,34,321,12.370321273803711
12,35,301,12.314481735229492
12,36,281,12.254019737243652
12,37,261,12.19215202331543
12,38,241,12.121596336364746
12,39,221,12.046567916870117
12,40,201,11.968812942504883
12,41,181,11.887857437133789
12,42,161,11.803954124450684
12,43,141,11.717734336853027
12,44,121,11.637020111083984
12,45,101,11.559001922607422
12,46,81,11.496456146240234
12,47,61,11.450445175170898
12,48,41,11.426746368408203
12,49,21,11.416969299316406
12,50,1,11.220510482788086
13,0,981,19.542314529418945
13,1,961,19.611568450927734
13,2,961,20.43480110168457
13,3,941,19.544631958007812
13,4,921,19.275177001953125
13,5,901,18.946762084960938
13,6,881,18.522254943847656
13,7,861,18.162044525146484
13,8,841,17.923776626586914
13,9,821,17.760482788085938
13,10,801,17.60452651977539
13,11,781,17.474214553833008
13,12,761,17.485355377197266
13,13,741,17.657703399658203
13,14,721,17.68563461303711
13,15,701,17.371118545532227
13,16,681,16.690549850463867
13,17,661,15.861723899841309
13,18,641,15.198348999023438
13,19,621,14.766019821166992
13,20,601,14.474348068237305
13,21,581,14.254712104797363
13,22,561,14.077394485473633
13,23,541,13.99139404296875
13,24,521,13.918340682983398
13,25,501,13.839902877807617
13,26,481,13.763467788696289
13,27,461,13.702611923217773
13,28,441,13.648655891418457
13,29,421,13.588499069213867
13,30,401,13.514524459838867
13,31,381,13.428340911865234
13,32,361,13.339463233947754
13,33,341,13.247235298156738
13,34,321,13.153655052185059
13,35,301,13.04616928100586
13,36,281,12.912014961242676
13,37,261,12.760337829589844
13,38,241,12.607076644897461
13,39,221,12.45809555053711
13,40,201,12.312061309814453
13,41,181,12.157523155212402
13,42,161,11.994489669799805
13,43,141,11.81795883178711
13,44,121,11.63408088684082
13,45,101,11.446615219116211
13,46,81,11.262373924255371
13,47,61,11.082315444946289
13,48,41,10.90147590637207
13,49,21,10.687546730041504
13,50,1,10.121344566345215
14,0,981,18.40349578857422
14,1,961,18.58800506591797
14,2,961,18.51365089416504
14,3,941,17.62579917907715
14,4,921,17.729156494140625
14,5,901,17.785388946533203
14,6,881,17.826902389526367
14,7,861,17.848196029663086
14,8,841,17.838565826416016
14,9,821,17.812618255615234
14,10,801,17.76971435546875
14,11,781,17.74201011657715
14,12,761,17.740131378173828
14,13,741,17.73025131225586
14,14,721,17.701255798339844
14,15,701,17.668466567993164
14,16,681,17.645530700683594
14,17,661,17.620525360107422
14,18,641,17.57805824279785
14,19,621,17.548341751098633
14,20,601,17.492923736572266
14,21,581,17.435314178466797
14,22,561,17.358692169189453
14,23,541,17.258296966552734
14,24,521,17.122913360595703
14,25,501,16.965599060058594
14,26,481,16.80061912536621
14,27,461,16.646194458007812
14,28,441,16.498212814331055
14,29,421,16.350976943969727
14,30,401,16.207792282104492
14,31,381,16.07333755493164
14,32,361,15.943657875061035
14,33,341,15.827882766723633
14,34,321,15.729697227478027
14,35,301,15.637104034423828
14,36,281,15.544754028320312
14,37,261,15.452497482299805
14,38,241,15.349872589111328
14,39,221,15.237786293029785
14,40,201,15.108793258666992
14,41,181,14.95101547241211
14,42,161,14.773632049560547
14,43,141,14.58614444732666
14,44,121,14.399389266967773
14,45,101,14.213285446166992
14,46,81,14.027196884155273
14,47,61,13.827693939208984
14,48,41,13.545663833618164
14,49,21,13.09964370727539
14,50,1,12.234601974487305
15,0,981,18.926437377929688
15,1,961,19.111583709716797
15,2,961,19.193265914916992
15,3,941,19.135103225708008
15,4,921,18.681842803955078
15,5,901,18.374177932739258
15,6,881,18.270294189453125
15,7,861,18.419706344604492
15,8,841,18.521732330322266
15,9,821,18.035919189453125
15,10,801,17.06906509399414
15,11,781,16.827985763549805
15,12,761,16.829614639282227
15,13,741,16.874454498291016
15,14,721,16.906044006347656
15,15,701,16.876121520996094
15,16,681,16.80729866027832
15,17,661,16.711700439453125
15,18,641,16.60874366760254
15,19,621,16.549440383911133
15,20,601,16.493328094482422
15,21,581,16.423480987548828
15,22,561,16.349559783935547
15,23,541,16.2899169921875
15,24,521,16.2415771484375
15,25,501,16.202146530151367
15,26,481,16.14455795288086
15,27,461,16.051467895507812
15,28,441,15.924789428710938
15,29,421,15.792940139770508
15,30,401,15.676973342895508
15,31,381,15.5860595703125
15,32,361,15.508674621582031
15,33,341,15.432604789733887
15,34,321,15.361322402954102
15,35,301,15.282587051391602
15,36,281,15.186485290527344
15,37,261,15.076776504516602
15,38,241,14.952388763427734
15,39,221,14.819480895996094
15,40,201,14.686090469360352
15,41,181,14.557844161987305
15,42,161,14.440797805786133
15,43,141,14.340105056762695
15,44,121,14.259955406188965
15,45,101,14.196043014526367
15,46,81,14.135110855102539
15,47,61,14.058123588562012
15,48,41,13.944890975952148
15,49,21,13.749340057373047
15,50,1,13.209765434265137
16,0,981,18.701717376708984
16,1,961,18.6134033203125
16,2,961,18.806053161621094
16,3,941,16.390838623046875
16,4,921,16.62926483154297
16,5,901,16.68643569946289
16,6,881,16.791973114013672
16,7,861,16.750232696533203
16,8,841,16.40442657470703
16,9,821,15.825422286987305
16,10,801,15.238119125366211
16,11,781,14.603496551513672
16,12,761,13.900139808654785
16,13,741,13.581558227539062
16,14,721,13.38840389251709
16,15,701,13.26616382598877
16,16,681,13.23779582977295
16,17,661,13.241328239440918
16,18,641,13.272144317626953
16,19,621,13.320789337158203
16,20,601,13.346527099609375
16,21,581,13.375778198242188
16,22,561,13.391679763793945
16,23,541,13.38495922088623
16,24,521,13.347492218017578
16,25,501,13.29248046875
16,26,481,13.22304916381836
16,27,461,13.154518127441406
16,28,441,13.09469985961914
16,29,421,13.050354957580566
16,30,401,13.014121055603027
16,31,381,12.976715087890625
16,32,361,12.92538070678711
16,33,341,12.858993530273438
16,34,321,12.782093048095703
16,35,301,12.695441246032715
16,36,281,12.599652290344238
16,37,261,12.495412826538086
16,38,241,12.382732391357422
16,39,221,12.26816177368164
16,40,201,12.15382194519043
16,41,181,12.038021087646484
16,42,161,11.922006607055664
16,43,141,11.806158065795898
16,44,121,11.690342903137207
16,45,101,11.57720947265625
16,46,81,11.460411071777344
16,47,61,11.328614234924316
16,48,41,11.170713424682617
16,49,21,10.952159881591797
16,50,1,10.420883178710938
17,0,981,19.871891021728516
17,1,961,19.95673370361328
17,2,961,19.005233764648438
17,3,941,17.63060760498047
17,4,921,17.59733772277832
17,5,901,15.969207763671875
17,6,881,17.04561996459961
17,7,861,18.322040557861328
17,8,841,18.598316192626953
17,9,821,18.65192985534668
17,10,801,18.4019832611084
17,11,781,18.011211395263672
17,12,761,17.4341983795166
17,13,741,16.955001831054688
17,14,721,16.67015266418457
17,15,701,16.501651763916016
17,16,681,16.414878845214844
17,17,661,16.310707092285156
17,18,641,16.150577545166016
17,19,621,15.976737022399902
17,20,601,15.82034683227539
17,21,581,15.748497009277344
17,22,561,15.709331512451172
17,23,541,15.675865173339844
17,24,521,15.621209144592285
17,25,501,15.554656982421875
17,26,481,15.466889381408691
17,27,461,15.360429763793945
17,28,441,15.241250991821289
17,29,421,15.120220184326172
17,30,401,14.978397369384766
17,31,381,14.83243179321289
17,32,361,14.673044204711914
17,33,341,14.515769004821777
17,34,321,14.37543773651123
17,35,301,14.246641159057617
17,36,281,14.097749710083008
17,37,261,13.934053421020508
17,38,241,13.759293556213379
17,39,221,13.575166702270508
17,40,201,13.392183303833008
17,41,181,13.204299926757812
17,42,161,13.021721839904785
17,43,141,12.84814453125
17,44,121,12.676375389099121
17,45,101,12.504281997680664
17,46,81,12.319498062133789
17,47,61,12.127449035644531
17,48,41,11.929179191589355
17,49,21,11.722427368164062
17,50,1,11.254684448242188
18,0,981,18.013530731201172
18,1,961,18.110780715942383
18,2,961,20.252696990966797
18,3,941,19.565858840942383
18,4,921,19.19856834411621
18,5,901,19.056846618652344
18,6,881,19.33885383605957
18,7,861,19.609905242919922
18,8,841,20.666257858276367
18,9,821,20.252609252929688
18,10,801,19.73941421508789
18,11,781,19.36077117919922
18,12,761,18.87604331970215
18,13,741,18.321455001831055
18,14,721,17.887340545654297
18,15,701,17.45083236694336
18,16,681,17.145397186279297
18,17,661,16.997303009033203
18,18,641,16.926294326782227
18,19,621,16.896879196166992
18,20,601,16.853832244873047
18,21,581,16.819622039794922
18,22,561,16.795425415039062
18,23,541,16.76418685913086
18,24,521,16.730388641357422
18,25,501,16.659425735473633
18,26,481,16.562883377075195
18,27,461,16.480371475219727
18,28,441,16.3861083984375
18,29,421,16.28763198852539
18,30,401,16.178237915039062
18,31,381,16.062061309814453
18,32,361,15.929492950439453
18,33,341,15.775411605834961
18,34,321,15.60558795928955
18,35,301,15.416479110717773
18,36,281,15.208294868469238
18,37,261,14.994427680969238
18,38,241,14.778200149536133
18,39,221,14.566743850708008
18,40,201,14.369421005249023
18,41,181,14.178998947143555
18,42,161,13.988231658935547
18,43,141,13.790630340576172
18,44,121,13.602733612060547
18,45,101,13.427149772644043
18,46,81,13.250541687011719
18,47,61,13.0623197555542
18,48,41,12.846795082092285
18,49,21,12.538692474365234
18,50,1,11.669279098510742
19,0,981,19.650367736816406
19,1,961,19.75961685180664
19,2,961,18.781553268432617
19,3,941,16.964736938476562
19,4,921,16.89527130126953
19,5,901,16.923545837402344
19,6,881,16.929889678955078
19,7,861,16.91727066040039
19,8,841,16.869062423706055
19,9,821,16.835554122924805
19,10,801,16.827449798583984
19,11,781,16.769180297851562
19,12,761,16.775005340576172
19,13,741,17.0020809173584
19,14,721,17.271121978759766
19,15,701,17.472856521606445
19,16,681,17.587257385253906
19,17,661,17.660554885864258
19,18,641,17.72460174560547
19,19,621,17.84331512451172
19,20,601,17.951662063598633
19,21,581,18.081104278564453
19,22,561,18.195899963378906
19,23,541,18.291301727294922
19,24,521,18.326007843017578
19,25,501,18.31352996826172
19,26,481,18.190887451171875
19,27,461,18.001237869262695
19,28,441,17.814369201660156
19,29,421,17.616573333740234
19,30,401,17.38743019104004
19,31,381,17.15215301513672
19,32,361,16.925647735595703
19,33,341,16.723196029663086
19,34,321,16.54520606994629
19,35,301,16.389118194580078
19,36,281,16.241615295410156
19,37,261,16.092912673950195
19,38,241,15.932979583740234
19,39,221,15.76773452758789
19,40,201,15.616458892822266
19,41,181,15.481610298156738
19,42,161,15.357000350952148
19,43,141,15.231298446655273
19,44,121,15.097375869750977
19,45,101,14.942264556884766
19,46,81,14.760412216186523
19,47,61,14.545673370361328
19,48,41,14.283792495727539
19,49,21,13.940899848937988
19,50,1,13.33041000366211
20,0,981,18.63088607788086
20,1,961,18.5289306640625
20,2,961,18.15042495727539
20,3,941,17.525041580200195
20,4,921,17.35454559326172
20,5,901,17.25663948059082
20,6,881,17.36574363708496
20,7,861,16.751590728759766
20,8,841,16.62272834777832
20,9,821,16.89522933959961
20,10,801,16.919822692871094
20,11,781,16.883317947387695
20,12,761,16.823728561401367
20,13,741,16.749950408935547
20,14,721,16.653484344482422
20,15,701,16.526870727539062
20,16,681,16.379831314086914
20,17,661,16.221546173095703
20,18,641,16.052581787109375
20,19,621,15.896888732910156
20,20,601,15.714587211608887
20,21,581,15.523244857788086
20,22,561,15.321893692016602
20,23,541,15.122252464294434
20,24,521,14.930355072021484
20,25,501,14.768020629882812
20,26,481,14.629545211791992
20,27,461,14.50103759765625
20,28,441,14.396844863891602
20,29,421,14.310162544250488
20,30,401,14.229612350463867
20,31,381,14.170320510864258
20,32,361,14.105146408081055
20,33,341,14.028685569763184
20,34,321,13.933716773986816
20,35,301,13.819210052490234
20,36,281,13.691661834716797
20,37,261,13.558588027954102
20,38,241,13.42015266418457
20,39,221,13.287243843078613
20,40,201,13.165765762329102
20,41,181,13.051383972167969
20,42,161,12.950801849365234
20,43,141,12.846603393554688
20,44,121,12.708559036254883
20,45,101,12.51156997680664
20,46,81,12.24661922454834
20,47,61,11.955623626708984
20,48,41,11.676734924316406
20,49,21,11.341522216796875
20,50,1,10.872644424438477
21,0,981,19.47785758972168
21,1,961,19.606754302978516
21,2,961,19.83438491821289
21,3,941,20.04785919189453
21,4,921,19.525972366333008
21,5,901,19.1435546875
21,6,881,18.708351135253906
21,7,861,18.350223541259766
21,8,841,17.95444107055664
21,9,821,17.525161743164062
21,10,801,16.917383193969727
21,11,781,16.051992416381836
21,12,761,15.267520904541016
21,13,741,14.653583526611328
21,14,721,14.090044021606445
21,15,701,13.648656845092773
21,16,681,13.304122924804688
21,17,661,13.061962127685547
21,18,641,12.903608322143555
21,19,621,12.817673683166504
21,20,601,12.775437355041504
21,21,581,12.76679801940918
21,22,561,12.768811225891113
21,23,541,12.77210521697998
21,24,521,12.760902404785156
21,25,501,12.743583679199219
21,26,481,12.705814361572266
21,27,461,12.65087604522705
21,28,441,12.58074951171875
21,29,421,12.48583984375
21,30,401,12.357151985168457
21,31,381,12.203113555908203
21,32,361,12.026029586791992
21,33,341,11.834772109985352
21,34,321,11.650440216064453
21,35,301,11.493566513061523
21,36,281,11.36976432800293
21,37,261,11.275702476501465
21,38,241,11.209692001342773
21,39,221,11.160369873046875
21,40,201,11.113077163696289
21,41,181,11.059760093688965
21,42,161,10.998620986938477
21,43,141,10.917993545532227
21,44,121,10.819313049316406
21,45,101,10.702516555786133
21,46,81,10.573036193847656
21,47,61,10.41741943359375
21,48,41,10.22033405303955
21,49,21,9.947185516357422
21,50,1,9.35818099975586
22,0,981,18.557270050048828
22,1,961,18.54168701171875
22,2,961,18.28607940673828
22,3,941,17.22994613647461
22,4,921,16.50035285949707
22,5,901,16.1126708984375
22,6,881,15.690128326416016
22,7,861,15.531676292419434
22,8,841,15.58184814453125
22,9,821,15.64432144165039
22,10,801,15.698702812194824
22,11,781,15.707186698913574
22,12,761,15.699956893920898
22,13,741,15.705781936645508
22,14,721,15.744744300842285
22,15,701,15.755163192749023
22,16,681,15.7313232421875
22,17,661,15.678533554077148
22,18,641,15.607399940490723
22,19,621,15.542251586914062
22,20,601,15.465045928955078
22,21,581,15.402792930603027
22,22,561,15.349587440490723
22,23,541,15.318998336791992
22,24,521,15.301422119140625
22,25,501,15.308815002441406
22,26,481,15.324374198913574
22,27,461,15.335012435913086
22,28,441,15.333854675292969
22,29,421,15.320390701293945
22,30,401,15.297830581665039
22,31,381,15.285720825195312
22,32,361,15.269850730895996
22,33,341,15.258227348327637
22,34,321,15.247459411621094
22,35,301,15.239900588989258
22,36,281,15.227736473083496
22,37,261,15.21121597290039
22,38,241,15.193544387817383
22,39,221,15.179052352905273
22,40,201,15.173212051391602
22,41,181,15.144161224365234
22,42,161,15.102276802062988
22,43,141,15.062673568725586
22,44,121,15.008247375488281
22,45,101,14.941182136535645
22,46,81,14.8680419921875
22,47,61,14.797130584716797
22,48,41,14.72574234008789
22,49,21,14.621789932250977
22,50,1,14.24913215637207
23,0,981,19.09564971923828
23,1,961,19.30518341064453
23,2,961,19.904096603393555
23,3,941,19.545490264892578
23,4,921,19.328554153442383
23,5,901,19.047861099243164
23,6,881,18.362136840820312
23,7,861,16.87544822692871
23,8,841,15.28365421295166
23,9,821,14.441604614257812
23,10,801,14.095348358154297
23,11,781,13.928915023803711
23,12,761,13.815324783325195
23,13,741,13.756328582763672
23,14,721,13.73095417022705
23,15,701,13.763322830200195
23,16,681,13.829822540283203
23,17,661,13.867362976074219
23,18,641,13.842451095581055
23,19,621,13.797019958496094
23,20,601,13.765169143676758
23,21,581,13.749195098876953
23,22,561,13.72907829284668
23,23,541,13.681723594665527
23,24,521,13.601499557495117
23,25,501,13.498788833618164
23,26,481,13.383949279785156
23,27,461,13.272041320800781
23,28,441,13.159778594970703
23,29,421,13.047870635986328
23,30,401,12.945758819580078
23,31,381,12.848251342773438
23,32,361,12.759252548217773
23,33,341,12.666004180908203
23,34,321,12.569877624511719
23,35,301,12.466348648071289
23,36,281,12.35943603515625
23,37,261,12.255699157714844
23,38,241,12.146711349487305
23,39,221,12.03616714477539
23,40,201,11.924592971801758
23,41,181,11.814888000488281
23,42,161,11.70388126373291
23,43,141,11.586230278015137
23,44,121,11.468849182128906
23,45,101,11.341869354248047
23,46,81,11.217418670654297
23,47,61,11.082521438598633
23,48,41,10.939294815063477
23,49,21,10.751646041870117
23,50,1,10.164141654968262
24,0,981,20.56586456298828
24,1,961,20.968894958496094
24,2,961,21.719375610351562
24,3,941,21.557697296142578
24,4,921,20.895015716552734
24,5,901,19.95592498779297
24,6,881,19.017963409423828
24,7,861,19.128398895263672
24,8,841,19.420698165893555
24,9,821,17.940092086791992
24,10,801,16.74777603149414
24,11,781,16.28443145751953
24,12,761,16.0909423828125
24,13,741,15.97100830078125
24,14,721,15.891257286071777
24,15,701,15.786537170410156
24,16,681,15.715538024902344
24,17,661,15.692371368408203
24,18,641,15.741445541381836
24,19,621,15.8689603805542
24,20,601,15.93122673034668
24,21,581,15.961657524108887
24,22,561,15.933116912841797
24,23,541,15.827919960021973
24,24,521,15.667095184326172
24,25,501,15.495108604431152
24,26,481,15.292226791381836
24,27,461,15.065413475036621
24,28,441,14.827245712280273
24,29,421,14.56954574584961
24,30,401,14.312801361083984
24,31,381,14.069376945495605
24,32,361,13.862931251525879
24,33,341,13.680261611938477
24,34,321,13.527921676635742
24,35,301,13.409077644348145
24,36,281,13.330221176147461
24,37,261,13.300178527832031
24,38,241,13.321828842163086
24,39,221,13.348733901977539
24,40,201,13.315375328063965
24,41,181,13.266276359558105
24,42,161,13.196659088134766
24,43,141,13.105382919311523
24,44,121,12.998961448669434
24,45,101,12.881560325622559
24,46,81,12.758199691772461
24,47,61,12.622140884399414
24,48,41,12.475480079650879
24,49,21,12.30860710144043
24,50,1,11.872201919555664
25,0,981,18.752552032470703
25,1,961,18.945293426513672
25,2,961,19.61844253540039
25,3,941,17.043651580810547
25,4,921,16.765262603759766
25,5,901,16.660030364990234
25,6,881,16.741666793823242
25,7,861,16.97578239440918
25,8,841,17.158828735351562
25,9,821,16.987661361694336
25,10,801,16.482837677001953
25,11,781,16.044715881347656
25,12,761,15.776199340820312
25,13,741,15.58591079711914
25,14,721,15.463542938232422
25,15,701,15.335561752319336
25,16,681,15.199483871459961
25,17,661,15.043257713317871
25,18,641,14.84686279296875
25,19,621,14.65081787109375
25,20,601,14.447467803955078
25,21,581,14.280384063720703
25,22,561,14.14809513092041
25,23,541,14.046699523925781
25,24,521,13.946061134338379
25,25,501,13.8469820022583
25,26,481,13.733565330505371
25,27,461,13.606241226196289
25,28,441,13.471704483032227
25,29,421,13.347238540649414
25,30,401,13.225249290466309
25,31,381,13.114538192749023
25,32,361,13.01425552368164
25,33,341,12.907707214355469
25,34,321,12.797452926635742
25,35,301,12.677478790283203
25,36,281,12.550804138183594
25,37,261,12.420502662658691
25,38,241,12.29366397857666
25,39,221,12.173057556152344
25,40,201,12.054946899414062
25,41,181,11.947443962097168
25,42,161,11.850358963012695
25,43,141,11.76250171661377
25,44,121,11.680442810058594
25,45,101,11.598709106445312
25,46,81,11.522409439086914
25,47,61,11.443317413330078
25,48,41,11.333346366882324
25,49,21,11.181015014648438
25,50,1,10.926183700561523
26,0,981,18.254844665527344
26,1,961,18.31583023071289
26,2,961,18.312219619750977
26,3,941,17.366111755371094
26,4,921,17.00469398498535
26,5,901,16.91696548461914
26,6,881,15.836097717285156
26,7,861,15.28923225402832
26,8,841,15.014047622680664
26,9,821,14.917991638183594
26,10,801,14.973810195922852
26,11,781,14.99825668334961
26,12,761,14.917739868164062
26,13,741,14.811637878417969
26,14,721,14.736278533935547
26,15,701,14.688724517822266
26,16,681,14.656158447265625
26,17,661,14.624424934387207
26,18,641,14.592567443847656
26,19,621,14.569100379943848
26,20,601,14.536978721618652
26,21,581,14.505449295043945
26,22,561,14.465665817260742
26,23,541,14.416576385498047
26,24,521,14.357946395874023
26,25,501,14.30154800415039
26,26,481,14.245994567871094
26,27,461,14.19571304321289
26,28,441,14.156033515930176
26,29,421,14.127166748046875
26,30,401,14.101615905761719
26,31,381,14.089437484741211
26,32,361,14.081262588500977
26,33,341,14.073325157165527
26,34,321,14.065471649169922
26,35,301,14.05475902557373
26,36,281,14.027711868286133
26,37,261,13.973033905029297
26,38,241,13.890682220458984
26,39,221,13.793485641479492
26,40,201,13.686128616333008
26,41,181,13.569389343261719
26,42,161,13.44278335571289
26,43,141,13.303852081298828
26,44,121,13.154207229614258
26,45,101,12.992342948913574
26,46,81,12.808871269226074
26,47,61,12.600726127624512
26,48,41,12.352239608764648
26,49,21,12.01697063446045
26,50,1,11.15456771850586
27,0,981,18.762704849243164
27,1,961,18.65677833557129
27,2,961,18.54175567626953
27,3,941,17.874755859375
27,4,921,17.839590072631836
27,5,901,18.001976013183594
27,6,881,17.07753562927246
27,7,861,15.791524887084961
27,8,841,15.965022087097168
27,9,821,15.98675537109375
27,10,801,15.934687614440918
27,11,781,15.809337615966797
27,12,761,15.721427917480469
27,13,741,15.680423736572266
27,14,721,15.629101753234863
27,15,701,15.585746765136719
27,16,681,15.566337585449219
27,17,661,15.594282150268555
27,18,641,15.640815734863281
27,19,621,15.712770462036133
27,20,601,15.759535789489746
27,21,581,15.79736328125
27,22,561,15.827678680419922
27,23,541,15.85392951965332
27,24,521,15.87832260131836
27,25,501,15.922174453735352
27,26,481,15.99008846282959
27,27,461,16.06687355041504
27,28,441,16.15184783935547
27,29,421,16.237171173095703
27,30,401,16.310955047607422
27,31,381,16.395694732666016
27,32,361,16.466949462890625
27,33,341,16.538227081298828
27,34,321,16.608932495117188
27,35,301,16.657413482666016
27,36,281,16.67856216430664
27,37,261,16.693166732788086
27,38,241,16.70793342590332
27,39,221,16.71292495727539
27,40,201,16.70892906188965
27,41,181,16.679668426513672
27,42,161,16.62528419494629
27,43,141,16.551923751831055
27,44,121,16.473873138427734
27,45,101,16.390981674194336
27,46,81,16.301868438720703
27,47,61,16.203170776367188
27,48,41,16.076927185058594
27,49,21,15.839122772216797
27,50,1,15.041383743286133
28,0,981,20.694053649902344
28,1,961,20.7059383392334
28,2,961,20.005413055419922
28,3,941,20.01094627380371
28,4,921,19.910415649414062
28,5,901,19.768352508544922
28,6,881,19.715164184570312
28,7,861,19.654951095581055
28,8,841,19.443004608154297
28,9,821,19.268007278442383
28,10,801,19.134244918823242
28,11,781,18.861122131347656
28,12,761,18.59686279296875
28,13,741,18.41079330444336
28,14,721,18.41468620300293
28,15,701,18.521007537841797
28,16,681,18.61147117614746
28,17,661,18.531429290771484
28,18,641,18.18162727355957
28,19,621,17.69276237487793
28,20,601,17.2458438873291
28,21,581,16.920103073120117
28,22,561,16.658279418945312
28,23,541,16.428508758544922
28,24,521,16.18583869934082
28,25,501,15.950809478759766
28,26,481,15.732978820800781
28,27,461,15.50322151184082
28,28,441,15.243658065795898
28,29,421,14.951613426208496
28,30,401,14.616802215576172
28,31,381,14.260513305664062
28,32,361,13.943925857543945
28,33,341,13.716402053833008
28,34,321,13.54855728149414
28,35,301,13.398859977722168
28,36,281,13.253775596618652
28,37,261,13.109155654907227
28,38,241,12.959811210632324
28,39,221,12.804046630859375
28,40,201,12.646156311035156
28,41,181,12.486837387084961
28,42,161,12.346053123474121
28,43,141,12.244078636169434
28,44,121,12.158103942871094
28,45,101,12.074748039245605
28,46,81,11.970552444458008
28,47,61,11.820517539978027
28,48,41,11.636467933654785
28,49,21,11.417976379394531
28,50,1,10.447206497192383
29,0,981,20.328868865966797
29,1,961,20.68352508544922
29,2,961,21.021800994873047
29,3,941,19.055965423583984
29,4,921,17.823776245117188
29,5,901,17.313764572143555
29,6,881,16.691429138183594
29,7,861,15.985873222351074
29,8,841,15.751214981079102
29,9,821,15.701314926147461
29,10,801,16.057598114013672
29,11,781,16.035564422607422
29,12,761,15.981500625610352
29,13,741,15.89570426940918
29,14,721,15.769547462463379
29,15,701,15.5889892578125
29,16,681,15.396446228027344
29,17,661,15.193782806396484
29,18,641,14.980966567993164
29,19,621,14.813301086425781
29,20,601,14.655399322509766
29,21,581,14.551179885864258
29,22,561,14.507073402404785
29,23,541,14.620782852172852
29,24,521,14.543783187866211
29,25,501,14.451147079467773
29,26,481,14.352391242980957
29,27,461,14.244962692260742
29,28,441,14.12837028503418
29,29,421,14.023846626281738
29,30,401,13.905717849731445
29,31,381,13.793468475341797
29,32,361,13.67602825164795
29,33,341,13.548580169677734
29,34,321,13.415781021118164
29,35,301,13.283626556396484
29,36,281,13.151762008666992
29,37,261,13.02591323852539
29,38,241,12.892037391662598
29,39,221,12.75629997253418
29,40,201,12.62729263305664
29,41,181,12.509452819824219
29,42,161,12.406322479248047
29,43,141,12.339987754821777
29,44,121,12.32537841796875
29,45,101,12.358539581298828
29,46,81,12.342666625976562
29,47,61,12.240630149841309
29,48,41,12.053704261779785
29,49,21,11.744270324707031
29,50,1,10.795333862304688
30,0,981,19.031896591186523
30,1,961,18.940187454223633
30,2,961,18.60788345336914
30,3,941,16.954395294189453
30,4,921,16.997272491455078
30,5,901,16.89394760131836
30,6,881,16.876441955566406
30,7,861,16.95590591430664
30,8,841,17.07341766357422
30,9,821,17.194608688354492
30,10,801,17.231534957885742
30,11,781,17.138729095458984
30,12,761,16.96656036376953
30,13,741,16.695541381835938
30,14,721,16.209150314331055
30,15,701,15.69284439086914
30,16,681,15.247692108154297
30,17,661,14.984058380126953
30,18,641,14.748128890991211
30,19,621,14.579760551452637
30,20,601,14.428844451904297
30,21,581,14.306344985961914
30,22,561,14.205623626708984
30,23,541,14.13520336151123
30,24,521,14.056221961975098
30,25,501,13.978052139282227
30,26,481,13.889033317565918
30,27,461,13.78864574432373
30,28,441,13.68822193145752
30,29,421,13.582247734069824
30,30,401,13.463249206542969
30,31,381,13.349087715148926
30,32,361,13.228811264038086
30,33,341,13.108783721923828
30,34,321,12.987897872924805
30,35,301,12.870463371276855
30,36,281,12.756621360778809
30,37,261,12.647577285766602
30,38,241,12.546446800231934
30,39,221,12.461321830749512
30,40,201,12.398183822631836
30,41,181,12.352693557739258
30,42,161,12.316898345947266
30,43,141,12.289815902709961
30,44,121,12.243675231933594
30,45,101,12.185810089111328
30,46,81,12.111961364746094
30,47,61,12.027624130249023
30,48,41,11.91832447052002
30,49,21,11.750083923339844
30,50,1,11.24555778503418
31,0,981,17.724666595458984
31,1,961,17.85405921936035
31,2,961,17.61936378479004
31,3,941,17.454862594604492
31,4,921,17.15741729736328
31,5,901,16.26524543762207
31,6,881,16.073944091796875
31,7,861,16.055980682373047
31,8,841,15.782567977905273
31,9,821,15.881144523620605
31,10,801,16.091567993164062
31,11,781,16.351722717285156
31,12,761,16.591976165771484
31,13,741,16.80712890625
31,14,721,16.99159049987793
31,15,701,17.099742889404297
31,16,681,17.072582244873047
31,17,661,16.977161407470703
31,18,641,16.89038848876953
31,19,621,16.79888153076172
31,20,601,16.67548179626465
31,21,581,16.57010269165039
31,22,561,16.487930297851562
31,23,541,16.41868019104004
31,24,521,16.35572052001953
31,25,501,16.29914093017578
31,26,481,16.238895416259766
31,27,461,16.16827964782715
31,28,441,16.09497833251953
31,29,421,16.024906158447266
31,30,401,15.954944610595703
31,31,381,15.888387680053711
31,32,361,15.830399513244629
31,33,341,15.758506774902344
31,34,321,15.665484428405762
31,35,301,15.55371379852295
31,36,281,15.421895027160645
31,37,261,15.276762008666992
31,38,241,15.128531455993652
31,39,221,14.976930618286133
31,40,201,14.827875137329102
31,41,181,14.677679061889648
31,42,161,14.532718658447266
31,43,141,14.387801170349121
31,44,121,14.244081497192383
31,45,101,14.088958740234375
31,46,81,13.91801929473877
31,47,61,13.724987983703613
31,48,41,13.52616024017334
31,49,21,13.339839935302734
31,50,1,13.057024002075195
32,0,981,18.81741714477539
32,1,961,19.290489196777344
32,2,961,19.44292640686035
32,3,941,16.38967514038086
32,4,921,15.741918563842773
32,5,901,15.541036605834961
32,6,881,15.432517051696777
32,7,861,15.338531494140625
32,8,841,15.22233772277832
32,9,821,15.44981575012207
32,10,801,15.610950469970703
32,11,781,15.527240753173828
32,12,761,15.618236541748047
32,13,741,15.736260414123535
32,14,721,15.870903015136719
32,15,701,16.001663208007812
32,16,681,16.208141326904297
32,17,661,16.40398597717285
32,18,641,16.476078033447266
32,19,621,16.49341583251953
32,20,601,16.42194938659668
32,21,581,16.331375122070312
32,22,561,16.200796127319336
32,23,541,16.150775909423828
32,24,521,16.103607177734375
32,25,501,16.07318115234375
32,26,481,16.046112060546875
32,27,461,16.004989624023438
32,28,441,15.96554946899414
32,29,421,15.926536560058594
32,30,401,15.874127388000488
32,31,381,15.834171295166016
32,32,361,15.788021087646484
32,33,341,15.736213684082031
32,34,321,15.676340103149414
32,35,301,15.616382598876953
32,36,281,15.553424835205078
32,37,261,15.495755195617676
32,38,241,15.438774108886719
32,39,221,15.380379676818848
32,40,201,15.312803268432617
32,41,181,15.22221565246582
32,42,161,15.11495304107666
32,43,141,14.989858627319336
32,44,121,14.853374481201172
32,45,101,14.697933197021484
32,46,81,14.527381896972656
32,47,61,14.33309268951416
32,48,41,14.114914894104004
32,49,21,13.858611106872559
32,50,1,13.381689071655273
33,0,981,17.492570877075195
33,1,961,17.267616271972656
33,2,961,17.65207290649414
33,3,941,17.821884155273438
33,4,921,18.928749084472656
33,5,901,18.745784759521484
33,6,881,17.641448974609375
33,7,861,15.451486587524414
33,8,841,14.753887176513672
33,9,821,14.473027229309082
33,10,801,14.381665229797363
33,11,781,14.410572052001953
33,12,761,14.506377220153809
33,13,741,14.615349769592285
33,14,721,14.597431182861328
33,15,701,14.37147331237793
33,16,681,14.143937110900879
33,17,661,14.036218643188477
33,18,641,13.998939514160156
33,19,621,14.003873825073242
33,20,601,14.003796577453613
33,21,581,14.010170936584473
33,22,561,14.010129928588867
33,23,541,13.993993759155273
33,24,521,13.990252494812012
33,25,501,14.046367645263672
33,26,481,14.15756607055664
33,27,461,14.211871147155762
33,28,441,14.232486724853516
33,29,421,14.256832122802734
33,30,401,14.292854309082031
33,31,381,14.329056739807129
33,32,361,14.351081848144531
33,33,341,14.357063293457031
33,34,321,14.343354225158691
33,35,301,14.304462432861328
33,36,281,14.243572235107422
33,37,261,14.170186996459961
33,38,241,14.094655990600586
33,39,221,14.01821231842041
33,40,201,13.937984466552734
33,41,181,13.845563888549805
33,42,161,13.743563652038574
33,43,141,13.610989570617676
33,44,121,13.469498634338379
33,45,101,13.32711410522461
33,46,81,13.182364463806152
33,47,61,13.017658233642578
33,48,41,12.816823959350586
33,49,21,12.530043601989746
33,50,1,11.703523635864258
34,0,981,19.634681701660156
34,1,961,19.89676856994629
34,2,961,20.37997817993164
34,3,941,18.6339111328125
34,4,921,18.358020782470703
34,5,901,18.189950942993164
34,6,881,18.1700439453125
34,7,861,18.232254028320312
34,8,841,18.318058013916016
34,9,821,18.481239318847656
34,10,801,18.708431243896484
34,11,781,18.99365234375
34,12,761,19.271568298339844
34,13,741,19.391748428344727
34,14,721,19.192073822021484
34,15,701,18.4569149017334
34,16,681,17.790969848632812
34,17,661,17.465850830078125
34,18,641,17.229726791381836
34,19,621,17.064943313598633
34,20,601,16.86693000793457
34,21,581,16.695823669433594
34,22,561,16.510967254638672
34,23,541,16.314327239990234
34,24,521,16.10445213317871
34,25,501,15.888164520263672
34,26,481,15.672225952148438
34,27,461,15.468332290649414
34,28,441,15.284585952758789
34,29,421,15.126953125
34,30,401,14.972274780273438
34,31,381,14.834514617919922
34,32,361,14.7074556350708
34,33,341,14.60650634765625
34,34,321,14.498058319091797
34,35,301,14.401805877685547
34,36,281,14.33897590637207
34,37,261,14.296396255493164
34,38,241,14.275176048278809
34,39,221,14.264263153076172
34,40,201,14.270843505859375
34,41,181,14.283550262451172
34,42,161,14.294239044189453
34,43,141,14.297151565551758
34,44,121,14.28193473815918
34,45,101,14.25186824798584
34,46,81,14.20270824432373
34,47,61,14.13627815246582
34,48,41,14.053938865661621
34,49,21,13.916507720947266
34,50,1,13.434656143188477
35,0,981,18.588605880737305
35,1,961,18.518272399902344
35,2,961,17.90478515625
35,3,941,16.92599868774414
35,4,921,16.293758392333984
35,5,901,16.327558517456055
35,6,881,16.398029327392578
35,7,861,16.52591323852539
35,8,841,16.608064651489258
35,9,821,16.555030822753906
35,10,801,16.409801483154297
35,11,781,16.24456024169922
35,12,761,16.059654235839844
35,13,741,15.893783569335938
35,14,721,15.76276969909668
35,15,701,15.732194900512695
35,16,681,15.76972484588623
35,17,661,15.871024131774902
35,18,641,16.025310516357422
35,19,621,16.216825485229492
35,20,601,16.417835235595703
35,21,581,16.568201065063477
35,22,561,16.61393165588379
35,23,541,16.56890869140625
35,24,521,16.4874324798584
35,25,501,16.40192413330078
35,26,481,16.3351993560791
35,27,461,16.271018981933594
35,28,441,16.2354736328125
35,29,421,16.239517211914062
35,30,401,16.219585418701172
35,31,381,16.17471694946289
35,32,361,16.07489013671875
35,33,341,15.960846900939941
35,34,321,15.850448608398438
35,35,301,15.74152660369873
35,36,281,15.622085571289062
35,37,261,15.494922637939453
35,38,241,15.355855941772461
35,39,221,15.199178695678711
35,40,201,15.024983406066895
35,41,181,14.834301948547363
35,42,161,14.63364028930664
35,43,141,14.411275863647461
35,44,121,14.17600154876709
35,45,101,13.927295684814453
35,46,81,13.673189163208008
35,47,61,13.40009593963623
35,48,41,13.108407020568848
35,49,21,12.805527687072754
35,50,1,12.44300651550293
36,0,981,20.292938232421875
36,1,961,20.57107162475586
36,2,961,19.66139030456543
36,3,941,18.02625846862793
36,4,921,17.81488037109375
36,5,901,18.13957977294922
36,6,881,18.205821990966797
36,7,861,18.14110565185547
36,8,841,18.039669036865234
36,9,821,17.28106117248535
36,10,801,17.21483039855957
36,11,781,17.15523910522461
36,12,761,17.044509887695312
36,13,741,16.952543258666992
36,14,721,16.867891311645508
36,15,701,16.83173370361328
36,16,681,16.831157684326172
36,17,661,16.82070541381836
36,18,641,16.76935577392578
36,19,621,16.684326171875
36,20,601,16.549816131591797
36,21,581,16.41472625732422
36,22,561,16.281795501708984
36,23,541,16.178617477416992
36,24,521,16.087427139282227
36,25,501,16.02984046936035
36,26,481,15.982715606689453
36,27,461,15.93949031829834
36,28,441,15.900458335876465
36,29,421,15.862064361572266
36,30,401,15.816554069519043
36,31,381,15.768360137939453
36,32,361,15.709424018859863
36,33,341,15.633298873901367
36,34,321,15.544797897338867
36,35,301,15.438568115234375
36,36,281,15.313705444335938
36,37,261,15.17807388305664
36,38,241,15.028509140014648
36,39,221,14.860679626464844
36,40,201,14.68260383605957
36,41,181,14.500733375549316
36,42,161,14.315330505371094
36,43,141,14.130619049072266
36,44,121,13.943988800048828
36,45,101,13.75080680847168
36,46,81,13.543118476867676
36,47,61,13.317240715026855
36,48,41,13.061518669128418
36,49,21,12.738101959228516
36,50,1,11.846549034118652
37,0,981,21.339839935302734
37,1,961,21.54024887084961
37,2,961,19.53466796875
37,3,941,17.256391525268555
37,4,921,17.175460815429688
37,5,901,17.201797485351562
37,6,881,17.254989624023438
37,7,861,17.330242156982422
37,8,841,17.404205322265625
37,9,821,17.490894317626953
37,10,801,17.559093475341797
37,11,781,17.637283325195312
37,12,761,17.70421028137207
37,13,741,17.753807067871094
37,14,721,17.76743507385254
37,15,701,17.740013122558594
37,16,681,17.702682495117188
37,17,661,17.636985778808594
37,18,641,17.540653228759766
37,19,621,17.47694969177246
37,20,601,17.404788970947266
37,21,581,17.331127166748047
37,22,561,17.242938995361328
37,23,541,17.128398895263672
37,24,521,16.99036407470703
37,25,501,16.84313201904297
37,26,481,16.682308197021484
37,27,461,16.5159854888916
37,28,441,16.355693817138672
37,29,421,16.20348358154297
37,30,401,16.05036735534668
37,31,381,15.886326789855957
37,32,361,15.73002815246582
37,33,341,15.572296142578125
37,34,321,15.428718566894531
37,35,301,15.293185234069824
37,36,281,15.187435150146484
37,37,261,15.104610443115234
37,38,241,15.015902519226074
37,39,221,14.880483627319336
37,40,201,14.678123474121094
37,41,181,14.424813270568848
37,42,161,14.142702102661133
37,43,141,13.84617805480957
37,44,121,13.564640045166016
37,45,101,13.304588317871094
37,46,81,13.078346252441406
37,47,61,12.878095626831055
37,48,41,12.690372467041016
37,49,21,12.483024597167969
37,50,1,11.894086837768555
38,0,981,19.50147819519043
38,1,961,19.053016662597656
38,2,961,20.295082092285156
38,3,941,18.66495132446289
38,4,921,18.363239288330078
38,5,901,18.048439025878906
38,6,881,17.633811950683594
38,7,861,17.160655975341797
38,8,841,16.853593826293945
38,9,821,16.777671813964844
38,10,801,16.689006805419922
38,11,781,16.567182540893555
38,12,761,16.4119873046875
38,13,741,16.24244499206543
38,14,721,16.107330322265625
38,15,701,16.049880981445312
38,16,681,16.00800895690918
38,17,661,15.90184211730957
38,18,641,15.771041870117188
38,19,621,15.650787353515625
38,20,601,15.514511108398438
38,21,581,15.40338134765625
38,22,561,15.301960945129395
38,23,541,15.215469360351562
38,24,521,15.137880325317383
38,25,501,15.080120086669922
38,26,481,15.031368255615234
38,27,461,14.9852933883667
38,28,441,14.951934814453125
38,29,421,14.921357154846191
38,30,401,14.881815910339355
38,31,381,14.84898853302002
38,32,361,14.803025245666504
38,33,341,14.750673294067383
38,34,321,14.689872741699219
38,35,301,14.624216079711914
38,36,281,14.553367614746094
38,37,261,14.476907730102539
38,38,241,14.39065933227539
38,39,221,14.300106048583984
38,40,201,14.215973854064941
38,41,181,14.128031730651855
38,42,161,14.042797088623047
38,43,141,13.943256378173828
38,44,121,13.83299446105957
38,45,101,13.707603454589844
38,46,81,13.556092262268066
38,47,61,13.378108024597168
38,48,41,13.160148620605469
38,49,21,12.856857299804688
38,50,1,12.093223571777344
39,0,981,19.84803009033203
39,1,961,20.052431106567383
39,2,961,18.93161392211914
39,3,941,14.834217071533203
39,4,921,14.438435554504395
39,5,901,14.372956275939941
39,6,881,14.37684440612793
39,7,861,14.436868667602539
39,8,841,14.541583061218262
39,9,821,14.671648979187012
39,10,801,14.757425308227539
39,11,781,14.83917236328125
39,12,761,14.955655097961426
39,13,741,15.078139305114746
39,14,721,15.124201774597168
39,15,701,15.11277961730957
39,16,681,15.11629867553711
39,17,661,15.129364013671875
39,18,641,15.110685348510742
39,19,621,15.093688011169434
39,20,601,15.029012680053711
39,21,581,14.970012664794922
39,22,561,14.918581008911133
39,23,541,14.87820816040039
39,24,521,14.833930969238281
39,25,501,14.814445495605469
39,26,481,14.810098648071289
39,27,461,14.765607833862305
39,28,441,14.664979934692383
39,29,421,14.557812690734863
39,30,401,14.434471130371094
39,31,381,14.310973167419434
39,32,361,14.18755054473877
39,33,341,14.079521179199219
39,34,321,14.003569602966309
39,35,301,13.952301979064941
39,36,281,13.912034034729004
39,37,261,13.880571365356445
39,38,241,13.85331916809082
39,39,221,13.828104019165039
39,40,201,13.797645568847656
39,41,181,13.75473403930664
39,42,161,13.719955444335938
39,43,141,13.68005657196045
39,44,121,13.611855506896973
39,45,101,13.473869323730469
39,46,81,13.318657875061035
39,47,61,13.170646667480469
39,48,41,13.017208099365234
39,49,21,12.768636703491211
39,50,1,12.031214714050293
40,0,981,19.579757690429688
40,1,961,19.74073028564453
40,2,961,19.148860931396484
40,3,941,19.024490356445312
40,4,921,18.064498901367188
40,5,901,18.054244995117188
40,6,881,19.63758087158203
40,7,861,19.987707138061523
40,8,841,19.2470760345459
40,9,821,18.7607364654541
40,10,801,18.46929168701172
40,11,781,18.274322509765625
40,12,761,18.117036819458008
40,13,741,17.986974716186523
40,14,721,17.922348022460938
40,15,701,17.882753372192383
40,16,681,17.86319923400879
40,17,661,17.83627700805664
40,18,641,17.81447410583496
40,19,621,17.82546615600586
40,20,601,17.83688735961914
40,21,581,17.868515014648438
40,22,561,17.920913696289062
40,23,541,18.008861541748047
40,24,521,17.95888328552246
40,25,501,17.887630462646484
40,26,481,17.85512924194336
40,27,461,17.808687210083008
40,28,441,17.717866897583008
40,29,421,17.595176696777344
40,30,401,17.428504943847656
40,31,381,17.243614196777344
40,32,361,17.045875549316406
40,33,341,16.790393829345703
40,34,321,16.471233367919922
40,35,301,16.14327621459961
40,36,281,15.862588882446289
40,37,261,15.611204147338867
40,38,241,15.363642692565918
40,39,221,15.105688095092773
40,40,201,14.84917163848877
40,41,181,14.596441268920898
40,42,161,14.332204818725586
40,43,141,14.047662734985352
40,44,121,13.73988151550293
40,45,101,13.413813591003418
40,46,81,13.094795227050781
40,47,61,12.787317276000977
40,48,41,12.491599082946777
40,49,21,12.197854995727539
40,50,1,11.672658920288086
41,0,981,18.661865234375
41,1,961,18.82406997680664
41,2,961,18.947525024414062
41,3,941,17.691539764404297
41,4,921,17.43907928466797
41,5,901,17.26389503479004
41,6,881,17.089630126953125
41,7,861,16.947437286376953
41,8,841,16.8312931060791
41,9,821,16.70388412475586
41,10,801,16.59935760498047
41,11,781,16.448190689086914
41,12,761,16.312164306640625
41,13,741,16.12065887451172
41,14,721,15.851256370544434
41,15,701,15.533899307250977
41,16,681,15.230854988098145
41,17,661,14.975847244262695
41,18,641,14.750657081604004
41,19,621,14.564141273498535
41,20,601,14.392251968383789
41,21,581,14.260454177856445
41,22,561,14.164978981018066
41,23,541,14.07901382446289
41,24,521,14.001335144042969
41,25,501,13.924776077270508
41,26,481,13.840118408203125
41,27,461,13.747673034667969
41,28,441,13.634034156799316
41,29,421,13.501611709594727
41,30,401,13.366165161132812
41,31,381,13.226165771484375
41,32,361,13.098457336425781
41,33,341,12.974404335021973
41,34,321,12.858955383300781
41,35,301,12.743898391723633
41,36,281,12.630027770996094
41,37,261,12.520600318908691
41,38,241,12.41561508178711
41,39,221,12.317466735839844
41,40,201,12.22488784790039
41,41,181,12.137825012207031
41,42,161,12.048124313354492
41,43,141,11.95296859741211
41,44,121,11.85862922668457
41,45,101,11.763867378234863
41,46,81,11.675207138061523
41,47,61,11.562009811401367
41,48,41,11.392659187316895
41,49,21,11.163698196411133
41,50,1,10.693838119506836
42,0,981,19.845165252685547
42,1,961,19.865686416625977
42,2,961,18.911144256591797
42,3,941,16.844560623168945
42,4,921,17.14908790588379
42,5,901,17.368144989013672
42,6,881,16.85814094543457
42,7,861,16.58254623413086
42,8,841,16.250049591064453
42,9,821,15.876899719238281
42,10,801,15.575485229492188
42,11,781,15.162866592407227
42,12,761,14.908586502075195
42,13,741,14.730302810668945
42,14,721,14.512866973876953
42,15,701,14.341011047363281
42,16,681,14.186567306518555
42,17,661,14.0521240234375
42,18,641,13.930830001831055
42,19,621,13.864259719848633
42,20,601,13.794798851013184
42,21,581,13.752389907836914
42,22,561,13.72391128540039
42,23,541,13.721768379211426
42,24,521,13.728729248046875
42,25,501,13.766656875610352
42,26,481,13.829209327697754
42,27,461,13.896748542785645
42,28,441,13.965484619140625
42,29,421,14.031536102294922
42,30,401,14.070245742797852
42,31,381,14.101882934570312
42,32,361,14.099638938903809
42,33,341,14.066675186157227
42,34,321,14.007047653198242
42,35,301,13.929325103759766
42,36,281,13.835164070129395
42,37,261,13.731420516967773
42,38,241,13.61595344543457
42,39,221,13.496261596679688
42,40,201,13.376335144042969
42,41,181,13.249190330505371
42,42,161,13.115520477294922
42,43,141,12.972054481506348
42,44,121,12.816879272460938
42,45,101,12.64651107788086
42,46,81,12.455573081970215
42,47,61,12.236681938171387
42,48,41,11.977508544921875
42,49,21,11.65717601776123
42,50,1,11.08230209350586
43,0,981,19.161640167236328
43,1,961,19.383777618408203
43,2,961,20.32891845703125
43,3,941,17.197853088378906
43,4,921,17.478425979614258
43,5,901,16.750886917114258
43,6,881,16.06584930419922
43,7,861,14.83530330657959
43,8,841,13.690196990966797
43,9,821,12.297076225280762
43,10,801,11.912911415100098
43,11,781,11.736344337463379
43,12,761,11.678380012512207
43,13,741,11.65157699584961
43,14,721,11.750313758850098
43,15,701,11.956212997436523
43,16,681,12.266687393188477
43,17,661,12.599983215332031
43,18,641,12.908759117126465
43,19,621,13.212373733520508
43,20,601,13.4535551071167
43,21,581,13.67129898071289
43,22,561,13.83383560180664
43,23,541,13.990485191345215
43,24,521,14.112489700317383
43,25,501,14.240842819213867
43,26,481,14.366218566894531
43,27,461,14.45600700378418
43,28,441,14.510833740234375
43,29,421,14.546764373779297
43,30,401,14.552267074584961
43,31,381,14.540491104125977
43,32,361,14.48603343963623
43,33,341,14.390958786010742
43,34,321,14.260778427124023
43,35,301,14.10362434387207
43,36,281,13.917327880859375
43,37,261,13.711841583251953
43,38,241,13.493975639343262
43,39,221,13.267646789550781
43,40,201,13.034036636352539
43,41,181,12.791820526123047
43,42,161,12.548690795898438
43,43,141,12.30673885345459
43,44,121,12.081130981445312
43,45,101,11.86605453491211
43,46,81,11.662643432617188
43,47,61,11.451929092407227
43,48,41,11.223444938659668
43,49,21,10.939268112182617
43,50,1,10.403945922851562
44,0,981,17.33424186706543
44,1,961,17.230663299560547
44,2,961,19.108530044555664
44,3,941,18.95618438720703
44,4,921,18.375656127929688
44,5,901,18.20651626586914
44,6,881,18.11891746520996
44,7,861,17.667287826538086
44,8,841,17.273849487304688
44,9,821,17.222694396972656
44,10,801,17.277910232543945
44,11,781,17.28003692626953
44,12,761,17.074899673461914
44,13,741,16.798948287963867
44,14,721,16.614519119262695
44,15,701,16.462265014648438
44,16,681,16.391666412353516
44,17,661,16.398574829101562
44,18,641,16.444297790527344
44,19,621,16.575702667236328
44,20,601,16.647748947143555
44,21,581,16.67168426513672
44,22,561,16.54369354248047
44,23,541,16.22184181213379
44,24,521,15.852571487426758
44,25,501,15.603475570678711
44,26,481,15.437612533569336
44,27,461,15.3115234375
44,28,441,15.198142051696777
44,29,421,15.083199501037598
44,30,401,14.957630157470703
44,31,381,14.8252592086792
44,32,361,14.673687934875488
44,33,341,14.51509952545166
44,34,321,14.34687328338623
44,35,301,14.171996116638184
44,36,281,13.98615837097168
44,37,261,13.796791076660156
44,38,241,13.601125717163086
44,39,221,13.397186279296875
44,40,201,13.195789337158203
44,41,181,12.986359596252441
44,42,161,12.773086547851562
44,43,141,12.556060791015625
44,44,121,12.402039527893066
44,45,101,12.246175765991211
44,46,81,11.988384246826172
44,47,61,11.698539733886719
44,48,41,11.4558687210083
44,49,21,11.205371856689453
44,50,1,10.691385269165039
45,0,981,20.45539093017578
45,1,961,20.457082748413086
45,2,961,21.077987670898438
45,3,941,18.54549789428711
45,4,921,18.252946853637695
45,5,901,17.665863037109375
45,6,881,17.02731704711914
45,7,861,16.270790100097656
45,8,841,15.438133239746094
45,9,821,15.626317024230957
45,10,801,15.645666122436523
45,11,781,15.768745422363281
45,12,761,15.85405158996582
45,13,741,15.852818489074707
45,14,721,15.763922691345215
45,15,701,15.740234375
45,16,681,15.795731544494629
45,17,661,15.864944458007812
45,18,641,15.89889144897461
45,19,621,15.925466537475586
45,20,601,15.932415008544922
45,21,581,15.930150032043457
45,22,561,15.914997100830078
45,23,541,15.891000747680664
45,24,521,15.858522415161133
45,25,501,15.833219528198242
45,26,481,15.818410873413086
45,27,461,15.8135986328125
45,28,441,15.825984001159668
45,29,421,15.849776268005371
45,30,401,15.872647285461426
45,31,381,15.90323257446289
45,32,361,15.930569648742676
45,33,341,15.947540283203125
45,34,321,15.928925514221191
45,35,301,15.885908126831055
45,36,281,15.818137168884277
45,37,261,15.735800743103027
45,38,241,15.644342422485352
45,39,221,15.54819107055664
45,40,201,15.448196411132812
45,41,181,15.329671859741211
45,42,161,15.195734977722168
45,43,141,15.030006408691406
45,44,121,14.837005615234375
45,45,101,14.620156288146973
45,46,81,14.393972396850586
45,47,61,14.157852172851562
45,48,41,13.906081199645996
45,49,21,13.588829040527344
45,50,1,12.943990707397461
46,0,981,20.157669067382812
46,1,961,20.370948791503906
46,2,961,21.204612731933594
46,3,941,19.716060638427734
46,4,921,19.45773696899414
46,5,901,19.50802993774414
46,6,881,19.764705657958984
46,7,861,20.078845977783203
46,8,841,19.86548614501953
46,9,821,19.227108001708984
46,10,801,18.91560173034668
46,11,781,18.759740829467773
46,12,761,18.51724624633789
46,13,741,18.033506393432617
46,14,721,17.41375732421875
46,15,701,17.027605056762695
46,16,681,16.762178421020508
46,17,661,16.59707260131836
46,18,641,16.491430282592773
46,19,621,16.429067611694336
46,20,601,16.35006332397461
46,21,581,16.273469924926758
46,22,561,16.225902557373047
46,23,541,16.21709442138672
46,24,521,16.22534942626953
46,25,501,16.243850708007812
46,26,481,16.244667053222656
46,27,461,16.212337493896484
46,28,441,16.144874572753906
46,29,421,16.039901733398438
46,30,401,15.893919944763184
46,31,381,15.71452808380127
46,32,361,15.508760452270508
46,33,341,15.28482437133789
46,34,321,15.06762981414795
46,35,301,14.854058265686035
46,36,281,14.628061294555664
46,37,261,14.41595458984375
46,38,241,14.220520973205566
46,39,221,14.056997299194336
46,40,201,13.918088912963867
46,41,181,13.809959411621094
46,42,161,13.692028045654297
46,43,141,13.561324119567871
46,44,121,13.431994438171387
46,45,101,13.300536155700684
46,46,81,13.149103164672852
46,47,61,12.978771209716797
46,48,41,12.768125534057617
46,49,21,12.452726364135742
46,50,1,11.634737968444824
47,0,981,16.60544776916504
47,1,961,16.550920486450195
47,2,961,18.89327621459961
47,3,941,18.987957000732422
47,4,921,19.80442237854004
47,5,901,20.391380310058594
47,6,881,20.513723373413086
47,7,861,20.20447540283203
47,8,841,19.946651458740234
47,9,821,19.604530334472656
47,10,801,18.534448623657227
47,11,781,18.275798797607422
47,12,761,18.25723648071289
47,13,741,18.2626895904541
47,14,721,18.20722770690918
47,15,701,18.132293701171875
47,16,681,18.030078887939453
47,17,661,17.90780258178711
47,18,641,17.723318099975586
47,19,621,17.46650505065918
47,20,601,17.113025665283203
47,21,581,16.691818237304688
47,22,561,16.31894302368164
47,23,541,16.02458381652832
47,24,521,15.81301498413086
47,25,501,15.672491073608398
47,26,481,15.556549072265625
47,27,461,15.421411514282227
47,28,441,15.258879661560059
47,29,421,15.078102111816406
47,30,401,14.860685348510742
47,31,381,14.64409065246582
47,32,361,14.423521041870117
47,33,341,14.210515022277832
47,34,321,14.00189208984375
47,35,301,13.803750991821289
47,36,281,13.607593536376953
47,37,261,13.409394264221191
47,38,241,13.221182823181152
47,39,221,13.046035766601562
47,40,201,12.890130996704102
47,41,181,12.742948532104492
47,42,161,12.595773696899414
47,43,141,12.446062088012695
47,44,121,12.284278869628906
47,45,101,12.108528137207031
47,46,81,11.915410995483398
47,47,61,11.69814682006836
47,48,41,11.467090606689453
47,49,21,11.19481372833252
47,50,1,10.633780479431152
48,0,981,19.80519676208496
48,1,961,19.971412658691406
48,2,961,20.150245666503906
48,3,941,20.119422912597656
48,4,921,19.855667114257812
48,5,901,19.997743606567383
48,6,881,20.067554473876953
48,7,861,20.096141815185547
48,8,841,20.082500457763672
48,9,821,20.0417537689209
48,10,801,19.94800567626953
48,11,781,19.7899169921875
48,12,761,19.51258659362793
48,13,741,19.085357666015625
48,14,721,18.464887619018555
48,15,701,17.675527572631836
48,16,681,16.776866912841797
48,17,661,15.986377716064453
48,18,641,15.432079315185547
48,19,621,15.184484481811523
48,20,601,14.95213508605957
48,21,581,14.545551300048828
48,22,561,14.176626205444336
48,23,541,13.831632614135742
48,24,521,13.538209915161133
48,25,501,13.296623229980469
48,26,481,13.061532974243164
48,27,461,12.808942794799805
48,28,441,12.586262702941895
48,29,421,12.427413940429688
48,30,401,12.291781425476074
48,31,381,12.183149337768555
48,32,361,12.104615211486816
48,33,341,12.03830337524414
48,34,321,11.967924118041992
48,35,301,11.887261390686035
48,36,281,11.769815444946289
48,37,261,11.657171249389648
48,38,241,11.545099258422852
48,39,221,11.436441421508789
48,40,201,11.331038475036621
48,41,181,11.226706504821777
48,42,161,11.126110076904297
48,43,141,11.02044677734375
48,44,121,10.914941787719727
48,45,101,10.808683395385742
48,46,81,10.699718475341797
48,47,61,10.591950416564941
48,48,41,10.486498832702637
48,49,21,10.392269134521484
48,50,1,10.130908966064453
49,0,981,18.62045669555664
49,1,961,18.946491241455078
49,2,961,19.942508697509766
49,3,941,18.679458618164062
49,4,921,18.355913162231445
49,5,901,18.03903579711914
49,6,881,17.705852508544922
49,7,861,17.392934799194336
49,8,841,17.12347412109375
49,9,821,16.94727325439453
49,10,801,16.841005325317383
49,11,781,16.77132797241211
49,12,761,16.713788986206055
49,13,741,16.668909072875977
49,14,721,16.69287109375
49,15,701,16.783496856689453
49,16,681,16.929454803466797
49,17,661,17.046485900878906
49,18,641,17.07135772705078
49,19,621,17.04912567138672
49,20,601,16.936260223388672
49,21,581,16.79511833190918
49,22,561,16.647979736328125
49,23,541,16.515586853027344
49,24,521,16.357505798339844
49,25,501,16.204044342041016
49,26,481,16.040117263793945
49,27,461,15.864736557006836
49,28,441,15.693990707397461
49,29,421,15.53803825378418
49,30,401,15.387998580932617
49,31,381,15.264354705810547
49,32,361,15.1530179977417
49,33,341,15.043913841247559
49,34,321,14.938382148742676
49,35,301,14.841043472290039
49,36,281,14.753815650939941
49,37,261,14.663908004760742
49,38,241,14.551645278930664
49,39,221,14.413780212402344
49,40,201,14.253938674926758
49,41,181,14.073899269104004
49,42,161,13.882779121398926
49,43,141,13.680997848510742
49,44,121,13.456840515136719
49,45,101,13.209278106689453
49,46,81,12.92934799194336
49,47,61,12.617591857910156
49,48,41,12.282417297363281
49,49,21,11.902470588684082
49,50,1,11.226167678833008
